P_FAMILY_,Additive_Probability_%,Multiplicative_Probability_%,MAPSEC_Count
P_FAMILY_STARYU,447.00,99.34,25
P_FAMILY_SLOWPOKE,400.00,99.64,12
P_FAMILY_DHELMISE,375.00,99.14,11
P_FAMILY_SKRELP,370.00,98.34,21
P_FAMILY_GEODUDE,355.00,99.06,19
P_FAMILY_CORSOLA,352.00,98.13,19
P_FAMILY_MAGIKARP,338.00,98.09,15
P_FAMILY_CLAMPERL,316.00,97.31,15
P_FAMILY_WAILMER,316.00,97.09,18
P_FAMILY_GRIMER,312.00,97.08,15
P_FAMILY_UNOWN,301.00,100.00,4
P_FAMILY_QWILFISH,295.00,97.10,11
P_FAMILY_WINGULL,295.00,96.27,16
P_FAMILY_TENTACOOL,292.00,95.82,22
P_FAMILY_HORSEA,286.00,95.86,16
P_FAMILY_MAREANIE,282.00,95.48,18
P_FAMILY_SHELLDER,271.00,94.84,18
P_FAMILY_CARVANHA,255.00,94.39,14
P_FAMILY_REMORAID,255.00,93.81,19
P_FAMILY_RHYHORN,255.00,93.64,19
P_FAMILY_RATTATA,249.00,93.53,16
P_FAMILY_SHUCKLE,245.00,100.00,7
P_FAMILY_FINIZEN,240.00,93.04,13
P_FAMILY_VOLTORB,231.00,91.64,19
P_FAMILY_DITTO,226.00,91.55,17
P_FAMILY_NOSEPASS,220.00,91.33,13
P_FAMILY_ZUBAT,215.00,97.44,11
P_FAMILY_RELICANTH,201.00,100.00,6
P_FAMILY_OMANYTE,200.00,90.17,8
P_FAMILY_SPIRITOMB,195.00,87.73,15
P_FAMILY_RIOLU,193.00,87.42,15
P_FAMILY_FRILLISH,192.00,88.91,10
P_FAMILY_INKAY,186.00,86.12,17
P_FAMILY_BINACLE,185.00,86.78,13
P_FAMILY_WIMPOD,185.00,86.34,15
P_FAMILY_WIGLETT,181.00,86.00,13
P_FAMILY_CRAMORANT,180.00,86.18,12
P_FAMILY_KABUTO,180.00,87.71,7
P_FAMILY_CLEFAIRY,175.00,84.25,17
P_FAMILY_SIGILYPH,175.00,85.20,12
P_FAMILY_YAMASK,175.00,84.82,14
P_FAMILY_ARROKUDA,174.00,85.69,9
P_FAMILY_CHEWTLE,171.00,85.41,10
P_FAMILY_MANTINE,170.00,84.95,10
P_FAMILY_SEEL,170.00,85.55,8
P_FAMILY_SPHEAL,170.00,85.55,8
P_FAMILY_SNEASEL,168.00,83.64,13
P_FAMILY_GLIMMET,166.00,83.54,12
P_FAMILY_KLAWF,166.00,83.20,14
P_FAMILY_LUNATONE,166.00,83.75,11
P_FAMILY_POLIWAG,165.00,85.18,7
P_FAMILY_ANORITH,160.00,82.95,9
P_FAMILY_SOLROCK,160.00,82.98,10
P_FAMILY_TEDDIURSA,157.00,95.08,9
P_FAMILY_MANKEY,156.00,81.43,12
P_FAMILY_KRABBY,151.00,80.07,13
P_FAMILY_NACLI,151.00,80.47,12
P_FAMILY_BASCULIN,150.00,82.22,7
P_FAMILY_LILEEP,150.00,81.06,8
P_FAMILY_CUBONE,147.00,79.53,11
P_FAMILY_TIRTOUGA,147.00,80.21,10
P_FAMILY_BRUXISH,145.00,80.50,7
UNKNOWN(SPECIES_WISHIWASHI),145.00,81.13,7
P_FAMILY_VULPIX,143.00,79.56,8
P_FAMILY_AIPOM,140.00,94.24,4
P_FAMILY_BRONZOR,140.00,78.51,9
P_FAMILY_FEEBAS,140.00,78.77,8
P_FAMILY_SHUPPET,140.00,78.08,10
P_FAMILY_CLOBBOPUS,139.00,77.44,12
P_FAMILY_ELECTABUZZ,136.00,76.23,14
P_FAMILY_PINECO,136.00,93.95,4
P_FAMILY_SMEARGLE,136.00,94.06,4
P_FAMILY_ARON,135.00,77.16,9
P_FAMILY_ROGGENROLA,135.00,77.33,9
P_FAMILY_HOUNDOUR,132.00,93.65,5
P_FAMILY_WOOPER,131.00,77.99,6
P_FAMILY_AMAURA,130.00,75.91,9
P_FAMILY_ELGYEM,130.00,76.11,8
P_FAMILY_GASTLY,130.00,75.20,11
P_FAMILY_GOLETT,130.00,75.43,10
P_FAMILY_MAREEP,130.00,93.52,4
P_FAMILY_SOLOSIS,130.00,76.11,8
P_FAMILY_STANTLER,130.00,93.44,5
P_FAMILY_TAUROS,130.00,76.11,8
P_FAMILY_KLEFKI,124.00,73.22,12
P_FAMILY_ROLYCOLY,123.00,74.27,8
P_FAMILY_BALTOY,120.00,73.03,8
P_FAMILY_MARILL,120.00,74.80,5
P_FAMILY_SHELLOS,120.00,75.30,5
P_FAMILY_SANDYGAST,116.00,71.57,8
P_FAMILY_SNORUNT,116.00,71.23,9
P_FAMILY_TORKOAL,116.00,71.52,9
P_FAMILY_ALOMOMOLA,115.00,72.15,6
P_FAMILY_CHINCHOU,115.00,72.35,6
P_FAMILY_DIGLETT,115.00,71.66,8
P_FAMILY_DUSKULL,115.00,70.82,10
P_FAMILY_LOTAD,110.00,71.44,5
P_FAMILY_TYMPOLE,110.00,71.33,5
P_FAMILY_KOFFING,107.00,69.28,8
P_FAMILY_ONIX,105.00,67.88,8
P_FAMILY_WATTREL,105.00,69.76,5
P_FAMILY_SCYTHER,101.00,67.15,7
P_FAMILY_BERGMITE,100.00,66.95,6
P_FAMILY_BOMBIRDIER,100.00,67.36,5
P_FAMILY_CHIMECHO,100.00,65.55,9
P_FAMILY_CROAGUNK,100.00,67.36,5
P_FAMILY_LITWICK,100.00,65.87,8
P_FAMILY_LUVDISC,100.00,68.64,4
P_FAMILY_CARBINK,96.00,63.72,10
P_FAMILY_DWEBBLE,96.00,64.53,8
P_FAMILY_LAPRAS,96.00,64.70,10
P_FAMILY_PYUKUMUKU,96.00,64.16,8
P_FAMILY_TYRUNT,95.00,64.31,7
P_FAMILY_DRATINI,94.00,63.16,10
P_FAMILY_CLAUNCHER,91.00,61.69,9
P_FAMILY_HERACROSS,91.00,63.05,7
P_FAMILY_PINSIR,91.00,63.05,7
P_FAMILY_SLUGMA,91.00,63.54,6
P_FAMILY_TATSUGIRI,91.00,64.52,5
P_FAMILY_DEWPIDER,90.00,64.16,4
P_FAMILY_GOLDEEN,90.00,63.14,5
P_FAMILY_MURKROW,90.00,62.08,7
P_FAMILY_TADBULB,90.00,66.40,3
P_FAMILY_MAGMAR,87.00,60.20,9
P_FAMILY_GOOMY,86.00,59.70,11
P_FAMILY_MACHOP,85.00,59.34,8
P_FAMILY_SEEDOT,85.00,60.83,5
P_FAMILY_SWABLU,85.00,61.12,5
UNKNOWN(SPECIES_MIMIKYU),85.00,59.71,7
P_FAMILY_DONDOZO,84.00,60.47,6
P_FAMILY_TRUBBISH,82.00,61.90,4
P_FAMILY_NATU,80.00,57.34,7
P_FAMILY_SQUAWKABILLY,80.00,58.01,6
P_FAMILY_TYNAMO,80.00,65.00,2
P_FAMILY_PONYTA,78.00,58.78,4
P_FAMILY_FRIGIBAX,77.00,55.79,12
P_FAMILY_STONJOURNER,76.00,55.57,8
P_FAMILY_CUBCHOO,75.00,55.94,5
P_FAMILY_DRUDDIGON,75.00,54.83,7
P_FAMILY_IMPIDIMP,75.00,55.23,6
P_FAMILY_GOTHITA,71.00,53.12,6
P_FAMILY_MISDREAVUS,71.00,53.23,7
P_FAMILY_CORPHISH,70.00,54.64,4
P_FAMILY_DEINO,70.00,52.50,8
P_FAMILY_DUCKLETT,70.00,55.20,3
P_FAMILY_FINNEON,70.00,53.92,4
P_FAMILY_NIDORAN,70.00,53.34,5
P_FAMILY_PSYDUCK,70.00,55.90,3
P_FAMILY_RUFFLET,70.00,52.17,7
P_FAMILY_SABLEYE,70.00,52.60,6
P_FAMILY_SILICOBRA,70.00,53.34,5
P_FAMILY_SKORUPI,70.00,52.76,6
P_FAMILY_TURTONATOR,70.00,53.18,5
P_FAMILY_NUMEL,66.00,50.37,6
P_FAMILY_PINCURCHIN,66.00,50.84,5
P_FAMILY_VULLABY,66.00,50.37,6
P_FAMILY_ZORUA,66.00,52.03,5
UNKNOWN(SPECIES_EISCUE),66.00,51.94,4
P_FAMILY_EKANS,65.00,50.75,5
P_FAMILY_LARVITAR,65.00,49.58,10
P_FAMILY_SANDSHREW,65.00,50.43,5
P_FAMILY_SINISTEA,65.00,50.24,5
P_FAMILY_TIMBURR,65.00,49.81,6
P_FAMILY_JYNX,64.00,49.59,6
P_FAMILY_GROWLITHE,63.00,49.26,5
P_FAMILY_MR_MIME,63.00,48.63,6
P_FAMILY_TOXEL,62.00,48.56,5
P_FAMILY_BELDUM,61.00,47.60,9
P_FAMILY_MAKUHITA,61.00,47.45,6
P_FAMILY_TOEDSCOOL,61.00,48.04,6
P_FAMILY_AERODACTYL,60.00,46.86,6
P_FAMILY_BAGON,60.00,47.37,6
P_FAMILY_BIDOOF,60.00,48.80,3
P_FAMILY_CATERPIE,60.00,47.67,5
P_FAMILY_CHATOT,60.00,47.51,5
P_FAMILY_EXEGGCUTE,60.00,47.98,4
P_FAMILY_HIPPOPOTAS,60.00,48.16,4
P_FAMILY_HITMONS,60.00,49.60,3
P_FAMILY_KLINK,60.00,47.51,5
P_FAMILY_MEDITITE,60.00,47.33,5
P_FAMILY_MEOWTH,60.00,47.67,5
P_FAMILY_PHANTUMP,60.00,48.97,4
P_FAMILY_ROOKIDEE,60.00,47.51,5
P_FAMILY_SNOVER,60.00,49.00,3
P_FAMILY_WEEDLE,60.00,47.67,5
P_FAMILY_SHELMET,58.00,47.01,4
P_FAMILY_TROPIUS,58.00,47.52,3
P_FAMILY_DREEPY,56.00,44.69,9
P_FAMILY_HONEDGE,56.00,44.00,10
P_FAMILY_MORELULL,56.00,45.47,5
P_FAMILY_PAWNIARD,56.00,44.85,5
P_FAMILY_DRILBUR,55.00,43.90,6
P_FAMILY_GLIGAR,55.00,44.60,5
P_FAMILY_SEVIPER,55.00,44.92,4
P_FAMILY_SUDOWOODO,55.00,46.80,3
P_FAMILY_SUNKERN,55.00,45.32,4
P_FAMILY_WOBBUFFET,55.00,44.92,4
P_FAMILY_YANMA,55.00,44.92,4
P_FAMILY_DURALUDON,54.00,43.62,8
P_FAMILY_PORYGON,53.00,42.72,6
P_FAMILY_AXEW,50.00,40.95,5
P_FAMILY_COMBEE,50.00,42.40,3
P_FAMILY_DRIFLOON,50.00,41.48,4
P_FAMILY_FOONGUS,50.00,42.40,3
P_FAMILY_MAWILE,50.00,41.48,4
P_FAMILY_MUDBRAY,50.00,41.68,4
P_FAMILY_POLTCHAGEIST,50.00,41.46,4
P_FAMILY_RALTS,50.00,40.95,5
P_FAMILY_SCRAGGY,50.00,41.68,4
P_FAMILY_SEWADDLE,50.00,42.40,3
P_FAMILY_SKARMORY,50.00,40.95,5
P_FAMILY_STUNFISK,50.00,42.40,3
P_FAMILY_VANILLITE,50.00,42.62,3
P_FAMILY_VELUZA,50.00,44.00,2
UNKNOWN(SPECIES_PALAFIN),50.00,42.40,3
P_FAMILY_SPEAROW,49.00,40.83,4
P_FAMILY_PANCHAM,48.00,40.38,4
P_FAMILY_WURMPLE,47.00,39.49,4
P_FAMILY_DELIBIRD,46.00,38.72,4
P_FAMILY_JANGMO_O,46.00,38.72,7
P_FAMILY_BRAMBLIN,45.00,38.44,4
P_FAMILY_BURMY,45.00,38.44,4
P_FAMILY_CAPSAKID,45.00,38.44,4
P_FAMILY_COTTONEE,45.00,38.03,4
P_FAMILY_FLETCHLING,45.00,38.44,4
P_FAMILY_GIBLE,45.00,38.10,6
P_FAMILY_GREAVARD,45.00,38.80,3
P_FAMILY_GRUBBIN,45.00,38.03,4
P_FAMILY_JOLTIK,45.00,38.80,3
P_FAMILY_KECLEON,45.00,38.44,4
P_FAMILY_ORICORIO,45.00,38.03,4
P_FAMILY_ORTHWORM,45.00,37.50,6
P_FAMILY_PIKACHU,45.00,38.44,4
P_FAMILY_PIKIPEK,45.00,38.80,3
P_FAMILY_STUFFUL,45.00,38.03,4
P_FAMILY_TANGELA,45.00,38.80,3
P_FAMILY_TRAPINCH,45.00,38.03,4
UNKNOWN(SPECIES_AEGISLASH),45.00,38.03,4
P_FAMILY_JIGGLYPUFF,44.00,37.35,4
P_FAMILY_DARUMAKA,43.00,36.54,7
P_FAMILY_TINKATINK,43.00,37.36,3
P_FAMILY_LITLEO,42.00,37.28,3
UNKNOWN(SPECIES_MINIOR_BLUE),42.00,35.70,6
P_FAMILY_CRABRAWLER,41.00,35.36,4
P_FAMILY_DEERLING,41.00,35.12,4
P_FAMILY_EEVEE,41.00,34.50,8
P_FAMILY_ROSELIA,41.00,35.12,4
P_FAMILY_SALANDIT,41.00,35.92,3
P_FAMILY_ABRA,40.00,34.39,4
P_FAMILY_BELLSPROUT,40.00,34.39,4
P_FAMILY_BLITZLE,40.00,35.20,3
P_FAMILY_BUIZEL,40.00,36.00,2
P_FAMILY_BUNNELBY,40.00,35.02,4
P_FAMILY_CACNEA,40.00,35.20,3
P_FAMILY_CUFANT,40.00,35.20,3
P_FAMILY_DEDENNE,40.00,35.20,3
P_FAMILY_ELECTRIKE,40.00,35.20,3
P_FAMILY_FERROSEED,40.00,35.88,3
P_FAMILY_HAWLUCHA,40.00,34.39,4
P_FAMILY_KANGASKHAN,40.00,35.20,3
P_FAMILY_KARRABLAST,40.00,34.39,4
P_FAMILY_MAGNEMITE,40.00,34.39,4
P_FAMILY_MARACTUS,40.00,35.20,3
P_FAMILY_PARAS,40.00,35.20,3
P_FAMILY_PAWMI,40.00,35.20,3
P_FAMILY_PIDGEY,40.00,34.39,4
P_FAMILY_ROCKRUFF,40.00,34.39,4
P_FAMILY_SANDILE,40.00,35.20,3
P_FAMILY_SHROOMISH,40.00,35.20,3
P_FAMILY_SIZZLIPEDE,40.00,35.20,3
P_FAMILY_SLAKOTH,40.00,35.20,3
P_FAMILY_SMOLIV,40.00,36.00,2
P_FAMILY_SURSKIT,40.00,36.00,2
P_FAMILY_SWINUB,40.00,34.21,5
P_FAMILY_TOGEDEMARU,40.00,35.20,3
P_FAMILY_VAROOM,40.00,34.39,4
P_FAMILY_YAMPER,40.00,35.20,3
UNKNOWN(SPECIES_MORPEKO),40.00,35.20,3
P_FAMILY_GIRAFARIG,39.00,34.48,3
P_FAMILY_DUNSPARCE,38.00,32.93,4
P_FAMILY_LARVESTA,37.00,31.78,7
P_FAMILY_ROTOM,37.00,32.04,5
P_FAMILY_CHARCADET,36.00,31.91,3
P_FAMILY_SNOM,36.00,31.91,3
P_FAMILY_TAROUNTULA,36.00,31.84,4
P_FAMILY_BARBOACH,35.00,32.00,2
P_FAMILY_BOUFFALANT,35.00,31.60,3
P_FAMILY_CRYOGONAL,35.00,31.15,3
P_FAMILY_CYCLIZAR,35.00,31.60,3
P_FAMILY_FLAMIGO,35.00,31.15,3
P_FAMILY_FUECOCO,35.00,30.36,6
P_FAMILY_HATENNA,35.00,30.74,4
P_FAMILY_LILLIPUP,35.00,30.75,4
P_FAMILY_ODDISH,35.00,30.75,4
P_FAMILY_PANSEAR,35.00,32.00,2
P_FAMILY_PIDOVE,35.00,31.15,3
P_FAMILY_PURRLOIN,35.00,31.15,3
P_FAMILY_SHROODLE,35.00,32.50,2
P_FAMILY_ZANGOOSE,35.00,31.15,3
UNKNOWN(SPECIES_FURFROU),35.00,31.15,3
P_FAMILY_CHANSEY,34.00,30.50,15
P_FAMILY_PUMPKABOO,34.00,31.20,2
P_FAMILY_DRAMPA,33.00,29.53,3
P_FAMILY_ARCHEN,31.00,27.83,4
P_FAMILY_LICKITUNG,31.00,28.72,3
P_FAMILY_MASCHIFF,31.00,27.91,3
P_FAMILY_MINCCINO,31.00,27.91,3
P_FAMILY_SENTRET,31.00,27.91,3
P_FAMILY_SNORLAX,31.00,28.72,3
P_FAMILY_AUDINO,30.00,27.93,3
P_FAMILY_BLIPBUG,30.00,27.10,3
P_FAMILY_BOUNSWEET,30.00,28.00,2
P_FAMILY_CHERUBI,30.00,28.00,2
P_FAMILY_CUTIEFLY,30.00,28.00,2
P_FAMILY_DROWZEE,30.00,27.32,3
P_FAMILY_EMOLGA,30.00,28.00,2
P_FAMILY_FARFETCHD,30.00,27.10,3
P_FAMILY_GLAMEOW,30.00,27.10,3
P_FAMILY_HOPPIP,30.00,27.10,3
P_FAMILY_LECHONK,30.00,27.10,3
P_FAMILY_NOIBAT,30.00,27.10,3
P_FAMILY_PANSAGE,30.00,28.00,2
P_FAMILY_PETILIL,30.00,27.10,3
P_FAMILY_PHANPY,30.00,27.10,3
P_FAMILY_SHINX,30.00,27.10,3
P_FAMILY_STARLY,30.00,27.10,3
P_FAMILY_STUNKY,30.00,27.10,3
P_FAMILY_VENIPEDE,30.00,27.10,3
P_FAMILY_VOLBEAT_ILLUMISE,30.00,28.00,2
P_FAMILY_ZIGZAGOON,30.00,27.32,3
P_FAMILY_FIDOUGH,29.00,26.31,3
P_FAMILY_MILCERY,29.00,27.10,2
P_FAMILY_CRANIDOS,26.00,24.80,2
P_FAMILY_SHIELDON,26.00,24.80,2
P_FAMILY_APPLIN,25.00,24.00,2
P_FAMILY_CETODDLE,25.00,23.50,2
P_FAMILY_CYNDAQUIL,25.00,24.00,2
P_FAMILY_ESPURR,25.00,23.05,3
P_FAMILY_GOSSIFLEUR,25.00,23.50,2
P_FAMILY_HOOTHOOT,25.00,23.05,3
P_FAMILY_MINIOR,25.00,23.50,2
P_FAMILY_MUNNA,25.00,23.05,3
P_FAMILY_NINCADA,25.00,23.50,2
P_FAMILY_NYMBLE,25.00,23.05,3
P_FAMILY_OSHAWOTT,25.00,24.00,2
P_FAMILY_ROWLET,25.00,24.00,2
P_FAMILY_SAWK,25.00,23.50,2
P_FAMILY_SKIDDO,25.00,23.05,3
P_FAMILY_TAILLOW,25.00,23.05,3
P_FAMILY_THROH,25.00,23.50,2
P_FAMILY_WHISMUR,25.00,23.50,2
P_FAMILY_WOOLOO,25.00,23.05,3
P_FAMILY_KOMALA,23.00,22.10,2
P_FAMILY_MUDKIP,21.00,19.59,4
P_FAMILY_TORCHIC,21.00,19.59,4
P_FAMILY_TREECKO,21.00,19.59,4
UNKNOWN(SPECIES_MINIOR_INDIGO),21.00,19.36,5
UNKNOWN(SPECIES_MINIOR_ORANGE),21.00,19.36,5
P_FAMILY_BUNEARY,20.00,19.00,2
P_FAMILY_CARNIVINE,20.00,19.00,2
P_FAMILY_COMFEY,20.00,19.00,2
P_FAMILY_DODUO,20.00,19.00,2
P_FAMILY_DURANT,20.00,19.00,2
P_FAMILY_FLITTLE,20.00,19.00,2
P_FAMILY_FOMANTIS,20.00,19.00,2
P_FAMILY_GULPIN,20.00,19.00,2
P_FAMILY_HEATMOR,20.00,19.00,2
P_FAMILY_HELIOPTILE,20.00,19.00,2
P_FAMILY_KRICKETOT,20.00,19.00,2
P_FAMILY_MIENFOO,20.00,19.00,2
P_FAMILY_MILTANK,20.00,19.00,2
P_FAMILY_MINUN,20.00,19.00,2
P_FAMILY_ORANGURU,20.00,19.00,2
P_FAMILY_PANPOUR,20.00,19.25,2
P_FAMILY_PASSIMIAN,20.00,19.00,2
P_FAMILY_PATRAT,20.00,19.00,2
P_FAMILY_PLUSLE,20.00,19.00,2
P_FAMILY_POOCHYENA,20.00,19.00,2
P_FAMILY_SKITTY,20.00,19.00,2
P_FAMILY_SKWOVET,20.00,19.00,2
P_FAMILY_SNUBBULL,20.00,19.00,2
P_FAMILY_SOBBLE,20.00,18.78,3
P_FAMILY_SPINARAK,20.00,19.00,2
P_FAMILY_SPOINK,20.00,19.00,2
P_FAMILY_SPRITZEE,20.00,19.00,2
P_FAMILY_SWIRLIX,20.00,19.00,2
P_FAMILY_YUNGOOS,20.00,19.00,2
UNKNOWN(SPECIES_DARMANITAN),20.00,18.77,3
P_FAMILY_ABSOL,18.00,17.52,4
P_FAMILY_FLABEBE,17.00,16.30,3
P_FAMILY_INDEEDEE,16.00,15.40,2
P_FAMILY_BULBASAUR,15.00,14.50,2
P_FAMILY_CHARMANDER,15.00,14.50,2
P_FAMILY_CHESPIN,15.00,14.50,2
P_FAMILY_CHIKORITA,15.00,14.50,2
P_FAMILY_CHIMCHAR,15.00,14.50,2
P_FAMILY_FALINKS,15.00,14.50,2
P_FAMILY_FENNEKIN,15.00,14.50,2
P_FAMILY_GROOKEY,15.00,14.50,2
P_FAMILY_LITTEN,15.00,14.50,2
P_FAMILY_PACHIRISU,15.00,14.50,2
P_FAMILY_PIPLUP,15.00,14.50,2
P_FAMILY_POPPLIO,15.00,14.50,2
P_FAMILY_QUAXLY,15.00,14.50,2
P_FAMILY_RELLOR,15.00,14.50,2
P_FAMILY_SCORBUNNY,15.00,14.50,2
P_FAMILY_SNIVY,15.00,14.50,2
P_FAMILY_SPRIGATITO,15.00,14.50,2
P_FAMILY_SQUIRTLE,15.00,14.50,2
P_FAMILY_TEPIG,15.00,14.50,2
P_FAMILY_TOTODILE,15.00,14.50,2
P_FAMILY_TURTWIG,15.00,14.50,2
P_FAMILY_VENONAT,15.00,14.50,2
P_FAMILY_WOOBAT,15.00,14.50,2
P_FAMILY_SCATTERBUG,14.00,13.13,14
P_FAMILY_TOGEPI,12.00,11.80,2
UNKNOWN(SPECIES_MINIOR_GREEN),11.00,10.55,5
P_FAMILY_FROAKIE,10.00,10.00,1
P_FAMILY_LEDYBA,10.00,10.00,1
P_FAMILY_NICKIT,10.00,10.00,1
P_FAMILY_SPINDA,10.00,9.75,2
P_FAMILY_TANDEMAUS,10.00,10.00,1
UNKNOWN(SPECIES_BURMY),10.00,10.00,1
UNKNOWN(SPECIES_MAUSHOLD),10.00,10.00,1
UNKNOWN(SPECIES_MOTHIM),10.00,10.00,1
UNKNOWN(SPECIES_SINISTCHA),10.00,10.00,1
UNKNOWN(SPECIES_TOXTRICITY),9.00,9.00,1
UNKNOWN(SPECIES_MINIOR_YELLOW),8.00,7.75,5
P_FAMILY_ARCTOVISH,5.00,4.90,5
UNKNOWN(SPECIES_MINIOR_RED),5.00,4.90,5
UNKNOWN(SPECIES_MINIOR_VIOLET),5.00,4.90,5
P_FAMILY_ARCTOZOLT,2.00,1.99,2
P_FAMILY_DRACOVISH,2.00,1.99,2
P_FAMILY_DRACOZOLT,2.00,1.99,2
UNKNOWN(SPECIES_CASTFORM),1.00,1.00,1
UNKNOWN(SPECIES_GIMMIGHOUL),1.00,1.00,1
UNKNOWN(SPECIES_MINIOR),1.00,1.00,1
UNKNOWN(SPECIES_POLTCHAGEIST),1.00,1.00,1
UNKNOWN(SPECIES_SINISTEA),1.00,1.00,1
